BagName,Station,SkillID,SkillName,Operator,Start_Time,End_Time,Duration(s),Avg_MBps,Integrity,IsValid,Reason,Path
SKILL_001_20260206_110935,01,SKILL_001,Organize beads per color,N_MORA,2026-02-06T11:09:35Z,2026-02-06T11:11:55Z,139.84,37.14,PASS,TRUE,,/mnt/data00/01/batch_01/SKILL_001_20260206_110935/SKILL_001_20260206_110935_0.mcap
SKILL_001_20260206_111228,01,SKILL_001,Organize beads per color,N_MORA,2026-02-06T11:12:28Z,2026-02-06T11:16:21Z,233.38,31.78,PASS,TRUE,,/mnt/data00/01/batch_01/SKILL_001_20260206_111228/SKILL_001_20260206_111228_0.mcap
SKILL_001_20260206_122001,01,SKILL_001,Organize beads per color,N_MORA,2026-02-06T12:20:01Z,2026-02-06T12:21:24Z,83.11,36.99,PASS,FALSE,TOO_SHORT (83.1s),/mnt/data00/01/batch_01/SKILL_001_20260206_122001/SKILL_001_20260206_122001_0.mcap
SKILL_001_20260206_111719,01,SKILL_001,Organize beads per color,N_MORA,2026-02-06T11:17:19Z,2026-02-06T11:23:48Z,388.95,36.74,PASS,TRUE,,/mnt/data00/01/batch_01/SKILL_001_20260206_111719/SKILL_001_20260206_111719_0.mcap
SKILL_001_20260206_124748,01,SKILL_001,Organize beads per color,N_MORA,2026-02-06T12:47:48Z,2026-02-06T12:49:06Z,77.77,36.83,PASS,FALSE,TOO_SHORT (77.8s),/mnt/data00/01/batch_01/SKILL_001_20260206_124748/SKILL_001_20260206_124748_0.mcap
SKILL_001_20260206_124908,01,SKILL_001,Organize beads per color,N_MORA,2026-02-06T12:49:08Z,2026-02-06T12:49:09Z,0.64,36.32,PASS,FALSE,TOO_SHORT (0.6s),/mnt/data00/01/batch_01/SKILL_001_20260206_124908/SKILL_001_20260206_124908_0.mcap
SKILL_005_20260206_132051,01,SKILL_005,Insert allen keys in package,N_MORA,2026-02-06T13:20:52Z,2026-02-06T13:22:05Z,73.51,37.14,PASS,FALSE,TOO_SHORT (73.5s),/mnt/data00/01/batch_01/SKILL_005_20260206_132051/SKILL_005_20260206_132051_0.mcap
SKILL_001_20260206_122911,01,SKILL_001,Organize beads per color,N_MORA,2026-02-06T12:29:12Z,2026-02-06T12:39:23Z,611.64,32.03,PASS,TRUE,,/mnt/data00/01/batch_01/SKILL_001_20260206_122911/SKILL_001_20260206_122911_0.mcap
SKILL_009_20260206_105725,01,SKILL_009,Package Cotton set,N_MORA,2026-02-06T10:57:25Z,2026-02-06T10:59:24Z,119.02,36.57,PASS,TRUE,,/mnt/data00/01/batch_01/SKILL_009_20260206_105725/SKILL_009_20260206_105725_0.mcap
SKILL_005_20260206_133702,01,SKILL_005,Insert allen keys in package,N_MORA,2026-02-06T13:37:02Z,2026-02-06T13:41:04Z,241.94,36.18,PASS,TRUE,,/mnt/data00/01/batch_01/SKILL_005_20260206_133702/SKILL_005_20260206_133702_0.mcap
SKILL_009_20260206_110245,01,SKILL_009,Package Cotton set,N_MORA,2026-02-06T11:02:45Z,2026-02-06T11:04:32Z,107.10,36.76,PASS,TRUE,,/mnt/data00/01/batch_01/SKILL_009_20260206_110245/SKILL_009_20260206_110245_0.mcap
SKILL_009_20260206_105953,01,SKILL_009,Package Cotton set,N_MORA,2026-02-06T10:59:53Z,2026-02-06T11:01:41Z,107.32,36.51,PASS,TRUE,,/mnt/data00/01/batch_01/SKILL_009_20260206_105953/SKILL_009_20260206_105953_0.mcap
SKILL_009_20260206_142123,01,SKILL_009,Package Cotton set,N_MORA,2026-02-06T14:21:23Z,2026-02-06T14:23:27Z,124.52,36.72,PASS,TRUE,,/mnt/data00/01/batch_01/SKILL_009_20260206_142123/SKILL_009_20260206_142123_0.mcap
SKILL_009_20260206_142512,01,SKILL_009,Package Cotton set,N_MORA,2026-02-06T14:25:12Z,2026-02-06T14:27:27Z,135.33,36.75,PASS,TRUE,,/mnt/data00/01/batch_01/SKILL_009_20260206_142512/SKILL_009_20260206_142512_0.mcap
SKILL_012_20260206_104218,01,SKILL_012,Put pasta in jars,N_MORA,2026-02-06T10:42:18Z,2026-02-06T10:44:49Z,151.10,37.28,PASS,TRUE,,/mnt/data00/01/batch_01/SKILL_012_20260206_104218/SKILL_012_20260206_104218_0.mcap
SKILL_012_20260206_103917,01,SKILL_012,Put pasta in jars,N_MORA,2026-02-06T10:39:17Z,2026-02-06T10:41:28Z,130.81,36.97,PASS,TRUE,,/mnt/data00/01/batch_01/SKILL_012_20260206_103917/SKILL_012_20260206_103917_0.mcap
SKILL_012_20260206_104509,01,SKILL_012,Put pasta in jars,N_MORA,2026-02-06T10:45:09Z,2026-02-06T10:45:10Z,0.52,34.63,PASS,FALSE,TOO_SHORT (0.5s),/mnt/data00/01/batch_01/SKILL_012_20260206_104509/SKILL_012_20260206_104509_0.mcap
SKILL_012_20260206_104526,01,SKILL_012,Put pasta in jars,N_MORA,2026-02-06T10:45:26Z,2026-02-06T10:45:26Z,0.62,37.01,PASS,FALSE,TOO_SHORT (0.6s),/mnt/data00/01/batch_01/SKILL_012_20260206_104526/SKILL_012_20260206_104526_0.mcap
SKILL_012_20260206_104527,01,SKILL_012,Put pasta in jars,N_MORA,2026-02-06T10:45:27Z,2026-02-06T10:45:28Z,0.52,36.02,PASS,FALSE,TOO_SHORT (0.5s),/mnt/data00/01/batch_01/SKILL_012_20260206_104527/SKILL_012_20260206_104527_0.mcap
SKILL_012_20260206_104651,01,SKILL_012,Put pasta in jars,N_MORA,2026-02-06T10:46:52Z,2026-02-06T10:47:42Z,49.81,36.92,PASS,FALSE,TOO_SHORT (49.8s),/mnt/data00/01/batch_01/SKILL_012_20260206_104651/SKILL_012_20260206_104651_0.mcap
SKILL_012_20260206_105116,01,SKILL_012,Put pasta in jars,N_MORA,2026-02-06T10:51:16Z,2026-02-06T10:53:30Z,133.83,37.15,PASS,TRUE,,/mnt/data00/01/batch_01/SKILL_012_20260206_105116/SKILL_012_20260206_105116_0.mcap
SKILL_012_20260206_104825,01,SKILL_012,Put pasta in jars,N_MORA,2026-02-06T10:48:25Z,2026-02-06T10:50:36Z,130.74,37.19,PASS,TRUE,,/mnt/data00/01/batch_01/SKILL_012_20260206_104825/SKILL_012_20260206_104825_0.mcap
SKILL_012_20260206_145143,01,SKILL_012,Put pasta in jars,N_MORA,2026-02-06T14:51:43Z,2026-02-06T14:53:43Z,120.22,37.46,PASS,TRUE,,/mnt/data00/01/batch_01/SKILL_012_20260206_145143/SKILL_012_20260206_145143_0.mcap
SKILL_012_20260206_144220,01,SKILL_012,Put pasta in jars,N_MORA,2026-02-06T14:42:20Z,2026-02-06T14:47:40Z,320.23,36.83,PASS,TRUE,,/mnt/data00/01/batch_01/SKILL_012_20260206_144220/SKILL_012_20260206_144220_0.mcap
SKILL_013_20260206_141118,01,SKILL_013,Set up a hand lamp,N_MORA,2026-02-06T14:11:18Z,2026-02-06T14:13:15Z,117.14,36.94,PASS,TRUE,,/mnt/data00/01/batch_01/SKILL_013_20260206_141118/SKILL_013_20260206_141118_0.mcap
SKILL_013_20260206_141353,01,SKILL_013,Set up a hand lamp,N_MORA,2026-02-06T14:13:53Z,2026-02-06T14:16:26Z,152.80,36.82,PASS,TRUE,,/mnt/data00/01/batch_01/SKILL_013_20260206_141353/SKILL_013_20260206_141353_0.mcap
SKILL_014_20260206_100630,01,SKILL_014,Fasten nuts onto bolts,N_MORA,2026-02-06T10:06:30Z,2026-02-06T10:12:03Z,333.60,34.97,PASS,TRUE,,/mnt/data00/01/batch_01/SKILL_014_20260206_100630/SKILL_014_20260206_100630_0.mcap
SKILL_014_20260206_101326,01,SKILL_014,Fasten nuts onto bolts,N_MORA,2026-02-06T10:13:26Z,2026-02-06T10:16:27Z,181.51,37.06,PASS,TRUE,,/mnt/data00/01/batch_01/SKILL_014_20260206_101326/SKILL_014_20260206_101326_0.mcap
SKILL_014_20260206_101738,01,SKILL_014,Fasten nuts onto bolts,N_MORA,2026-02-06T10:17:38Z,2026-02-06T10:19:26Z,108.40,37.12,PASS,TRUE,,/mnt/data00/01/batch_01/SKILL_014_20260206_101738/SKILL_014_20260206_101738_0.mcap
SKILL_018_20260206_142808,01,SKILL_018,Close bags with twist ties,N_MORA,2026-02-06T14:28:08Z,2026-02-06T14:30:19Z,131.65,36.67,PASS,TRUE,,/mnt/data00/01/batch_01/SKILL_018_20260206_142808/SKILL_018_20260206_142808_0.mcap
SKILL_014_20260206_103034,01,SKILL_014,Fasten nuts onto bolts,N_MORA,2026-02-06T10:30:34Z,2026-02-06T10:35:19Z,284.70,37.03,PASS,TRUE,,/mnt/data00/01/batch_01/SKILL_014_20260206_103034/SKILL_014_20260206_103034_0.mcap
SKILL_018_20260206_143207,01,SKILL_018,Close bags with twist ties,N_MORA,2026-02-06T14:32:07Z,2026-02-06T14:34:31Z,144.80,36.82,PASS,TRUE,,/mnt/data00/01/batch_01/SKILL_018_20260206_143207/SKILL_018_20260206_143207_0.mcap
SKILL_018_20260206_143606,01,SKILL_018,Close bags with twist ties,N_MORA,2026-02-06T14:36:06Z,2026-02-06T14:37:49Z,103.04,36.84,PASS,TRUE,,/mnt/data00/01/batch_01/SKILL_018_20260206_143606/SKILL_018_20260206_143606_0.mcap
SKILL_019_20260206_135715,01,SKILL_019,Put pasta in plastic containers,N_MORA,2026-02-06T13:57:16Z,2026-02-06T13:58:57Z,100.79,37.07,PASS,TRUE,,/mnt/data00/01/batch_01/SKILL_019_20260206_135715/SKILL_019_20260206_135715_0.mcap
SKILL_019_20260206_140448,01,SKILL_019,Put pasta in plastic containers,N_MORA,2026-02-06T14:04:48Z,2026-02-06T14:07:59Z,190.81,37.12,PASS,TRUE,,/mnt/data00/01/batch_01/SKILL_019_20260206_140448/SKILL_019_20260206_140448_0.mcap
SKILL_020_20260206_143937,01,SKILL_020,Open locks with their keys,N_MORA,2026-02-06T14:39:37Z,2026-02-06T14:41:15Z,97.76,36.65,PASS,TRUE,,/mnt/data00/01/batch_01/SKILL_020_20260206_143937/SKILL_020_20260206_143937_0.mcap
SKILL_003_20260206_123717,02,SKILL_003,Organize screwdriver bits,E_MARTINEZ,2026-02-06T12:37:17Z,2026-02-06T12:41:57Z,279.93,34.29,PASS,TRUE,,/mnt/data00/02/batch_01/SKILL_003_20260206_123717/SKILL_003_20260206_123717_0.mcap
SKILL_003_20260206_124426,02,SKILL_003,Organize screwdriver bits,E_MARTINEZ,2026-02-06T12:44:26Z,2026-02-06T12:48:32Z,246.23,35.38,PASS,TRUE,,/mnt/data00/02/batch_01/SKILL_003_20260206_124426/SKILL_003_20260206_124426_0.mcap
SKILL_001_20260206_143027,02,SKILL_001,Organize beads per color,E_MARTINEZ,2026-02-06T14:30:27Z,2026-02-06T14:38:23Z,475.84,37.42,PASS,TRUE,,/mnt/data00/02/batch_01/SKILL_001_20260206_143027/SKILL_001_20260206_143027_0.mcap
SKILL_004_20260206_144051,02,SKILL_004,Set Screwdriver package,E_MARTINEZ,2026-02-06T14:40:51Z,2026-02-06T14:42:36Z,104.93,36.52,PASS,TRUE,,/mnt/data00/02/batch_01/SKILL_004_20260206_144051/SKILL_004_20260206_144051_0.mcap
SKILL_004_20260206_144936,02,SKILL_004,Set Screwdriver package,E_MARTINEZ,2026-02-06T14:49:36Z,2026-02-06T14:50:44Z,67.15,37.53,PASS,FALSE,TOO_SHORT (67.2s),/mnt/data00/02/batch_01/SKILL_004_20260206_144936/SKILL_004_20260206_144936_0.mcap
SKILL_004_20260206_145210,02,SKILL_004,Set Screwdriver package,E_MARTINEZ,2026-02-06T14:52:10Z,2026-02-06T14:53:04Z,53.95,37.57,PASS,FALSE,TOO_SHORT (54.0s),/mnt/data00/02/batch_01/SKILL_004_20260206_145210/SKILL_004_20260206_145210_0.mcap
SKILL_004_20260206_145111,02,SKILL_004,Set Screwdriver package,E_MARTINEZ,2026-02-06T14:51:11Z,2026-02-06T14:51:49Z,38.74,37.52,PASS,FALSE,TOO_SHORT (38.7s),/mnt/data00/02/batch_01/SKILL_004_20260206_145111/SKILL_004_20260206_145111_0.mcap
SKILL_005_20260206_122802,02,SKILL_005,Insert allen keys in package,E_MARTINEZ,2026-02-06T12:28:02Z,2026-02-06T12:28:14Z,11.38,36.78,PASS,FALSE,TOO_SHORT (11.4s),/mnt/data00/02/batch_01/SKILL_005_20260206_122802/SKILL_005_20260206_122802_0.mcap
SKILL_004_20260206_145314,02,SKILL_004,Set Screwdriver package,E_MARTINEZ,2026-02-06T14:53:14Z,2026-02-06T14:54:09Z,55.68,37.60,PASS,FALSE,TOO_SHORT (55.7s),/mnt/data00/02/batch_01/SKILL_004_20260206_145314/SKILL_004_20260206_145314_0.mcap
SKILL_005_20260206_123056,02,SKILL_005,Insert allen keys in package,E_MARTINEZ,2026-02-06T12:30:56Z,2026-02-06T12:35:16Z,259.20,34.40,PASS,TRUE,,/mnt/data00/02/batch_01/SKILL_005_20260206_123056/SKILL_005_20260206_123056_0.mcap
SKILL_007_20260206_140159,02,SKILL_007,Separate tongue depressors by color,E_MARTINEZ,2026-02-06T14:01:59Z,2026-02-06T14:08:58Z,418.75,37.54,PASS,TRUE,,/mnt/data00/02/batch_01/SKILL_007_20260206_140159/SKILL_007_20260206_140159_0.mcap
SKILL_009_20260206_110643,02,SKILL_009,Package Cotton set,C_BECERRA,2026-02-06T11:06:44Z,2026-02-06T11:11:15Z,271.58,34.51,PASS,TRUE,,/mnt/data00/02/batch_01/SKILL_009_20260206_110643/SKILL_009_20260206_110643_0.mcap
SKILL_009_20260206_132550,02,SKILL_009,Package Cotton set,E_MARTINEZ,2026-02-06T13:25:50Z,2026-02-06T13:28:55Z,184.87,36.94,PASS,TRUE,,/mnt/data00/02/batch_01/SKILL_009_20260206_132550/SKILL_009_20260206_132550_0.mcap
SKILL_009_20260206_133000,02,SKILL_009,Package Cotton set,E_MARTINEZ,2026-02-06T13:30:00Z,2026-02-06T13:33:22Z,201.16,36.75,PASS,TRUE,,/mnt/data00/02/batch_01/SKILL_009_20260206_133000/SKILL_009_20260206_133000_0.mcap
SKILL_012_20260206_133710,02,SKILL_012,Put pasta in jars,E_MARTINEZ,2026-02-06T13:37:11Z,2026-02-06T13:40:24Z,192.57,37.49,PASS,TRUE,,/mnt/data00/02/batch_01/SKILL_012_20260206_133710/SKILL_012_20260206_133710_0.mcap
SKILL_013_20260206_134407,02,SKILL_013,Set up a hand lamp,E_MARTINEZ,2026-02-06T13:44:08Z,2026-02-06T13:47:22Z,194.37,37.41,PASS,TRUE,,/mnt/data00/02/batch_01/SKILL_013_20260206_134407/SKILL_013_20260206_134407_0.mcap
SKILL_013_20260206_141905,02,SKILL_013,Set up a hand lamp,E_MARTINEZ,2026-02-06T14:19:05Z,2026-02-06T14:21:23Z,137.92,36.72,PASS,TRUE,,/mnt/data00/02/batch_01/SKILL_013_20260206_141905/SKILL_013_20260206_141905_0.mcap
SKILL_013_20260206_142722,02,SKILL_013,Set up a hand lamp,E_MARTINEZ,2026-02-06T14:27:22Z,2026-02-06T14:29:23Z,121.22,36.48,PASS,TRUE,,/mnt/data00/02/batch_01/SKILL_013_20260206_142722/SKILL_013_20260206_142722_0.mcap
SKILL_020_20260206_141216,02,SKILL_020,Open locks with their keys,E_MARTINEZ,2026-02-06T14:12:16Z,2026-02-06T14:13:49Z,93.17,37.36,PASS,TRUE,,/mnt/data00/02/batch_01/SKILL_020_20260206_141216/SKILL_020_20260206_141216_0.mcap
SKILL_001_20260206_103623,03,SKILL_001,Organize beads per color,E_MARTINEZ,2026-02-06T10:36:23Z,2026-02-06T10:36:41Z,17.56,35.92,PASS,FALSE,TOO_SHORT (17.6s),/mnt/data00/03/batch_01/SKILL_001_20260206_103623/SKILL_001_20260206_103623_0.mcap
SKILL_020_20260206_141442,02,SKILL_020,Open locks with their keys,E_MARTINEZ,2026-02-06T14:14:42Z,2026-02-06T14:16:28Z,106.46,37.22,PASS,TRUE,,/mnt/data00/02/batch_01/SKILL_020_20260206_141442/SKILL_020_20260206_141442_0.mcap
SKILL_001_20260206_104032,03,SKILL_001,Organize beads per color,E_MARTINEZ,2026-02-06T10:40:32Z,2026-02-06T10:51:06Z,633.58,35.23,PASS,TRUE,,/mnt/data00/03/batch_01/SKILL_001_20260206_104032/SKILL_001_20260206_104032_0.mcap
SKILL_001_20260206_122409,03,SKILL_001,Organize beads per color,C_BECERRA,2026-02-06T12:24:09Z,2026-02-06T12:32:05Z,476.33,37.60,PASS,TRUE,,/mnt/data00/03/batch_01/SKILL_001_20260206_122409/SKILL_001_20260206_122409_0.mcap
SKILL_003_20260206_110852,03,SKILL_003,Organize screwdriver bits,E_MARTINEZ,2026-02-06T11:08:52Z,2026-02-06T11:12:15Z,203.68,36.76,PASS,TRUE,,/mnt/data00/03/batch_01/SKILL_003_20260206_110852/SKILL_003_20260206_110852_0.mcap
SKILL_003_20260206_111327,03,SKILL_003,Organize screwdriver bits,E_MARTINEZ,2026-02-06T11:13:27Z,2026-02-06T11:16:56Z,209.40,37.01,PASS,TRUE,,/mnt/data00/03/batch_01/SKILL_003_20260206_111327/SKILL_003_20260206_111327_0.mcap
SKILL_003_20260206_134839,03,SKILL_003,Organize screwdriver bits,C_BECERRA,2026-02-06T13:48:39Z,2026-02-06T13:52:21Z,222.37,36.97,PASS,TRUE,,/mnt/data00/03/batch_01/SKILL_003_20260206_134839/SKILL_003_20260206_134839_0.mcap
SKILL_003_20260206_135322,03,SKILL_003,Organize screwdriver bits,C_BECERRA,2026-02-06T13:53:22Z,2026-02-06T13:56:34Z,191.38,37.10,PASS,TRUE,,/mnt/data00/03/batch_01/SKILL_003_20260206_135322/SKILL_003_20260206_135322_0.mcap
SKILL_003_20260206_135712,03,SKILL_003,Organize screwdriver bits,C_BECERRA,2026-02-06T13:57:12Z,2026-02-06T13:57:14Z,1.91,36.52,PASS,FALSE,TOO_SHORT (1.9s),/mnt/data00/03/batch_01/SKILL_003_20260206_135712/SKILL_003_20260206_135712_0.mcap
SKILL_003_20260206_135714,03,SKILL_003,Organize screwdriver bits,C_BECERRA,2026-02-06T13:57:14Z,2026-02-06T13:57:15Z,0.84,36.29,PASS,FALSE,TOO_SHORT (0.8s),/mnt/data00/03/batch_01/SKILL_003_20260206_135714/SKILL_003_20260206_135714_0.mcap
SKILL_004_20260206_111906,03,SKILL_004,Set Screwdriver package,E_MARTINEZ,2026-02-06T11:19:06Z,2026-02-06T11:22:09Z,182.44,37.44,PASS,TRUE,,/mnt/data00/03/batch_01/SKILL_004_20260206_111906/SKILL_004_20260206_111906_0.mcap
SKILL_004_20260206_125523,03,SKILL_004,Set Screwdriver package,C_BECERRA,2026-02-06T12:55:23Z,2026-02-06T12:56:52Z,88.92,37.73,PASS,FALSE,TOO_SHORT (88.9s),/mnt/data00/03/batch_01/SKILL_004_20260206_125523/SKILL_004_20260206_125523_0.mcap
SKILL_004_20260206_125105,03,SKILL_004,Set Screwdriver package,C_BECERRA,2026-02-06T12:51:05Z,2026-02-06T12:54:40Z,215.20,37.53,PASS,TRUE,,/mnt/data00/03/batch_01/SKILL_004_20260206_125105/SKILL_004_20260206_125105_0.mcap
SKILL_005_20260206_105843,03,SKILL_005,Insert allen keys in package,E_MARTINEZ,2026-02-06T10:58:43Z,2026-02-06T10:58:45Z,2.51,34.40,PASS,FALSE,TOO_SHORT (2.5s),/mnt/data00/03/batch_01/SKILL_005_20260206_105843/SKILL_005_20260206_105843_0.mcap
SKILL_005_20260206_105958,03,SKILL_005,Insert allen keys in package,E_MARTINEZ,2026-02-06T10:59:58Z,2026-02-06T11:02:32Z,153.70,36.99,PASS,TRUE,,/mnt/data00/03/batch_01/SKILL_005_20260206_105958/SKILL_005_20260206_105958_0.mcap
SKILL_005_20260206_110315,03,SKILL_005,Insert allen keys in package,E_MARTINEZ,2026-02-06T11:03:15Z,2026-02-06T11:05:42Z,146.61,36.91,PASS,TRUE,,/mnt/data00/03/batch_01/SKILL_005_20260206_110315/SKILL_005_20260206_110315_0.mcap
SKILL_005_20260206_124311,03,SKILL_005,Insert allen keys in package,C_BECERRA,2026-02-06T12:43:11Z,2026-02-06T12:46:10Z,179.08,37.15,PASS,TRUE,,/mnt/data00/03/batch_01/SKILL_005_20260206_124311/SKILL_005_20260206_124311_0.mcap
SKILL_005_20260206_124628,03,SKILL_005,Insert allen keys in package,C_BECERRA,2026-02-06T12:46:28Z,2026-02-06T12:49:37Z,188.84,37.23,PASS,TRUE,,/mnt/data00/03/batch_01/SKILL_005_20260206_124628/SKILL_005_20260206_124628_0.mcap
SKILL_009_20260206_135720,03,SKILL_009,Package Cotton set,C_BECERRA,2026-02-06T13:57:20Z,2026-02-06T14:00:42Z,201.45,36.88,PASS,TRUE,,/mnt/data00/03/batch_01/SKILL_009_20260206_135720/SKILL_009_20260206_135720_0.mcap
SKILL_007_20260206_123326,03,SKILL_007,Separate tongue depressors by color,C_BECERRA,2026-02-06T12:33:26Z,2026-02-06T12:41:14Z,468.06,37.50,PASS,TRUE,,/mnt/data00/03/batch_01/SKILL_007_20260206_123326/SKILL_007_20260206_123326_0.mcap
SKILL_009_20260206_140125,03,SKILL_009,Package Cotton set,C_BECERRA,2026-02-06T14:01:25Z,2026-02-06T14:05:03Z,218.06,36.94,PASS,TRUE,,/mnt/data00/03/batch_01/SKILL_009_20260206_140125/SKILL_009_20260206_140125_0.mcap
SKILL_010_20260206_133445,03,SKILL_010,Package earphones,C_BECERRA,2026-02-06T13:34:45Z,2026-02-06T13:38:42Z,236.87,37.64,PASS,TRUE,,/mnt/data00/03/batch_01/SKILL_010_20260206_133445/SKILL_010_20260206_133445_0.mcap
SKILL_010_20260206_133940,03,SKILL_010,Package earphones,C_BECERRA,2026-02-06T13:39:40Z,2026-02-06T13:43:06Z,206.15,37.49,PASS,TRUE,,/mnt/data00/03/batch_01/SKILL_010_20260206_133940/SKILL_010_20260206_133940_0.mcap
SKILL_013_20260206_143058,03,SKILL_013,Set up a hand lamp,C_BECERRA,2026-02-06T14:30:58Z,2026-02-06T14:34:50Z,232.09,37.21,PASS,TRUE,,/mnt/data00/03/batch_01/SKILL_013_20260206_143058/SKILL_013_20260206_143058_0.mcap
SKILL_013_20260206_143539,03,SKILL_013,Set up a hand lamp,C_BECERRA,2026-02-06T14:35:39Z,2026-02-06T14:39:02Z,203.06,37.36,PASS,TRUE,,/mnt/data00/03/batch_01/SKILL_013_20260206_143539/SKILL_013_20260206_143539_0.mcap
SKILL_016_20260206_145220,03,SKILL_016,Package a sewing set,C_BECERRA,2026-02-06T14:52:20Z,2026-02-06T14:53:30Z,69.59,37.22,PASS,FALSE,TOO_SHORT (69.6s),/mnt/data00/03/batch_01/SKILL_016_20260206_145220/SKILL_016_20260206_145220_0.mcap
SKILL_016_20260206_145402,03,SKILL_016,Package a sewing set,C_BECERRA,2026-02-06T14:54:02Z,2026-02-06T14:55:00Z,57.50,37.26,PASS,FALSE,TOO_SHORT (57.5s),/mnt/data00/03/batch_01/SKILL_016_20260206_145402/SKILL_016_20260206_145402_0.mcap
SKILL_016_20260206_145540,03,SKILL_016,Package a sewing set,C_BECERRA,2026-02-06T14:55:40Z,2026-02-06T14:56:48Z,68.18,37.22,PASS,FALSE,TOO_SHORT (68.2s),/mnt/data00/03/batch_01/SKILL_016_20260206_145540/SKILL_016_20260206_145540_0.mcap
SKILL_014_20260206_144001,03,SKILL_014,Fasten nuts onto bolts,C_BECERRA,2026-02-06T14:40:01Z,2026-02-06T14:48:12Z,491.14,37.04,PASS,TRUE,,/mnt/data00/03/batch_01/SKILL_014_20260206_144001/SKILL_014_20260206_144001_0.mcap
SKILL_018_20260206_140632,03,SKILL_018,Close bags with twist ties,C_BECERRA,2026-02-06T14:06:32Z,2026-02-06T14:09:34Z,182.46,37.67,PASS,TRUE,,/mnt/data00/03/batch_01/SKILL_018_20260206_140632/SKILL_018_20260206_140632_0.mcap
SKILL_018_20260206_141019,03,SKILL_018,Close bags with twist ties,C_BECERRA,2026-02-06T14:10:19Z,2026-02-06T14:13:12Z,173.39,37.44,PASS,TRUE,,/mnt/data00/03/batch_01/SKILL_018_20260206_141019/SKILL_018_20260206_141019_0.mcap
SKILL_018_20260206_141442,03,SKILL_018,Close bags with twist ties,C_BECERRA,2026-02-06T14:14:42Z,2026-02-06T14:18:15Z,212.50,37.58,PASS,TRUE,,/mnt/data00/03/batch_01/SKILL_018_20260206_141442/SKILL_018_20260206_141442_0.mcap
SKILL_023_20260206_141908,03,SKILL_023,Built up box (Present),C_BECERRA,2026-02-06T14:19:08Z,2026-02-06T14:23:00Z,232.32,36.83,PASS,TRUE,,/mnt/data00/03/batch_01/SKILL_023_20260206_141908/SKILL_023_20260206_141908_0.mcap
SKILL_023_20260206_142341,03,SKILL_023,Built up box (Present),C_BECERRA,2026-02-06T14:23:41Z,2026-02-06T14:25:58Z,136.65,36.98,PASS,TRUE,,/mnt/data00/03/batch_01/SKILL_023_20260206_142341/SKILL_023_20260206_142341_0.mcap
SKILL_001_20260206_080532,04,SKILL_001,Organize beads per color,E_MARTINEZ,2026-02-06T08:05:32Z,2026-02-06T08:05:36Z,4.21,36.76,PASS,FALSE,TOO_SHORT (4.2s),/mnt/data00/04/batch_01/SKILL_001_20260206_080532/SKILL_001_20260206_080532_0.mcap
SKILL_023_20260206_142632,03,SKILL_023,Built up box (Present),C_BECERRA,2026-02-06T14:26:32Z,2026-02-06T14:28:10Z,98.64,36.93,PASS,TRUE,,/mnt/data00/03/batch_01/SKILL_023_20260206_142632/SKILL_023_20260206_142632_0.mcap
SKILL_001_20260206_080552,04,SKILL_001,Organize beads per color,E_MARTINEZ,2026-02-06T08:05:52Z,2026-02-06T08:13:10Z,438.04,36.99,PASS,TRUE,,/mnt/data00/04/batch_01/SKILL_001_20260206_080552/SKILL_001_20260206_080552_0.mcap
SKILL_001_20260206_110123,04,SKILL_001,Organize beads per color,D_VARGAS,2026-02-06T11:01:23Z,2026-02-06T11:01:27Z,4.09,36.04,PASS,FALSE,TOO_SHORT (4.1s),/mnt/data00/04/batch_01/SKILL_001_20260206_110123/SKILL_001_20260206_110123_0.mcap
SKILL_001_20260206_105001,04,SKILL_001,Organize beads per color,D_VARGAS,2026-02-06T10:50:01Z,2026-02-06T10:57:36Z,455.36,36.94,PASS,TRUE,,/mnt/data00/04/batch_01/SKILL_001_20260206_105001/SKILL_001_20260206_105001_0.mcap
SKILL_001_20260206_122502,04,SKILL_001,Organize beads per color,D_VARGAS,2026-02-06T12:25:02Z,2026-02-06T12:34:08Z,545.80,36.90,PASS,TRUE,,/mnt/data00/04/batch_01/SKILL_001_20260206_122502/SKILL_001_20260206_122502_0.mcap
SKILL_003_20260206_071723,04,SKILL_003,Organize screwdriver bits,E_MARTINEZ,2026-02-06T07:17:24Z,2026-02-06T07:21:57Z,272.96,36.71,PASS,TRUE,,/mnt/data00/04/batch_01/SKILL_003_20260206_071723/SKILL_003_20260206_071723_0.mcap
SKILL_003_20260206_092908,04,SKILL_003,Organize screwdriver bits,E_MARTINEZ,2026-02-06T09:29:08Z,2026-02-06T09:33:14Z,246.32,36.65,PASS,TRUE,,/mnt/data00/04/batch_01/SKILL_003_20260206_092908/SKILL_003_20260206_092908_0.mcap
SKILL_003_20260206_072314,04,SKILL_003,Organize screwdriver bits,E_MARTINEZ,2026-02-06T07:23:14Z,2026-02-06T07:27:40Z,266.68,36.73,PASS,TRUE,,/mnt/data00/04/batch_01/SKILL_003_20260206_072314/SKILL_003_20260206_072314_0.mcap
SKILL_003_20260206_093603,04,SKILL_003,Organize screwdriver bits,E_MARTINEZ,2026-02-06T09:36:03Z,2026-02-06T09:40:26Z,263.31,36.89,PASS,TRUE,,/mnt/data00/04/batch_01/SKILL_003_20260206_093603/SKILL_003_20260206_093603_0.mcap
SKILL_003_20260206_123534,04,SKILL_003,Organize screwdriver bits,D_VARGAS,2026-02-06T12:35:34Z,2026-02-06T12:39:57Z,262.60,36.75,PASS,TRUE,,/mnt/data00/04/batch_01/SKILL_003_20260206_123534/SKILL_003_20260206_123534_0.mcap
SKILL_003_20260206_124208,04,SKILL_003,Organize screwdriver bits,D_VARGAS,2026-02-06T12:42:08Z,2026-02-06T12:45:04Z,176.77,37.00,PASS,TRUE,,/mnt/data00/04/batch_01/SKILL_003_20260206_124208/SKILL_003_20260206_124208_0.mcap
SKILL_004_20260206_074032,04,SKILL_004,Set Screwdriver package,E_MARTINEZ,2026-02-06T07:40:32Z,2026-02-06T07:42:04Z,91.89,34.42,PASS,TRUE,,/mnt/data00/04/batch_01/SKILL_004_20260206_074032/SKILL_004_20260206_074032_0.mcap
SKILL_004_20260206_075933,04,SKILL_004,Set Screwdriver package,E_MARTINEZ,2026-02-06T07:59:33Z,2026-02-06T08:00:55Z,81.24,37.18,PASS,FALSE,TOO_SHORT (81.2s),/mnt/data00/04/batch_01/SKILL_004_20260206_075933/SKILL_004_20260206_075933_0.mcap
SKILL_004_20260206_131507,04,SKILL_004,Set Screwdriver package,D_VARGAS,2026-02-06T13:15:07Z,2026-02-06T13:15:10Z,2.67,35.67,PASS,FALSE,TOO_SHORT (2.7s),/mnt/data00/04/batch_01/SKILL_004_20260206_131507/SKILL_004_20260206_131507_0.mcap
SKILL_004_20260206_080144,04,SKILL_004,Set Screwdriver package,E_MARTINEZ,2026-02-06T08:01:44Z,2026-02-06T08:03:08Z,83.93,37.10,PASS,FALSE,TOO_SHORT (83.9s),/mnt/data00/04/batch_01/SKILL_004_20260206_080144/SKILL_004_20260206_080144_0.mcap
SKILL_004_20260206_131518,04,SKILL_004,Set Screwdriver package,D_VARGAS,2026-02-06T13:15:18Z,2026-02-06T13:16:52Z,94.28,37.28,PASS,TRUE,,/mnt/data00/04/batch_01/SKILL_004_20260206_131518/SKILL_004_20260206_131518_0.mcap
SKILL_004_20260206_131731,04,SKILL_004,Set Screwdriver package,D_VARGAS,2026-02-06T13:17:31Z,2026-02-06T13:19:01Z,89.10,37.22,PASS,FALSE,TOO_SHORT (89.1s),/mnt/data00/04/batch_01/SKILL_004_20260206_131731/SKILL_004_20260206_131731_0.mcap
SKILL_004_20260206_132016,04,SKILL_004,Set Screwdriver package,D_VARGAS,2026-02-06T13:20:16Z,2026-02-06T13:21:50Z,93.86,37.17,PASS,TRUE,,/mnt/data00/04/batch_01/SKILL_004_20260206_132016/SKILL_004_20260206_132016_0.mcap
SKILL_004_20260206_132238,04,SKILL_004,Set Screwdriver package,D_VARGAS,2026-02-06T13:22:38Z,2026-02-06T13:24:03Z,84.90,36.97,PASS,FALSE,TOO_SHORT (84.9s),/mnt/data00/04/batch_01/SKILL_004_20260206_132238/SKILL_004_20260206_132238_0.mcap
SKILL_005_20260206_143328,04,SKILL_005,Insert allen keys in package,D_VARGAS,2026-02-06T14:33:28Z,2026-02-06T14:37:18Z,230.09,37.16,PASS,TRUE,,/mnt/data00/04/batch_01/SKILL_005_20260206_143328/SKILL_005_20260206_143328_0.mcap
SKILL_005_20260206_143802,04,SKILL_005,Insert allen keys in package,D_VARGAS,2026-02-06T14:38:02Z,2026-02-06T14:41:15Z,193.04,37.35,PASS,TRUE,,/mnt/data00/04/batch_01/SKILL_005_20260206_143802/SKILL_005_20260206_143802_0.mcap
SKILL_009_20260206_085029,04,SKILL_009,Package Cotton set,E_MARTINEZ,2026-02-06T08:50:29Z,2026-02-06T08:52:55Z,145.59,36.80,PASS,TRUE,,/mnt/data00/04/batch_01/SKILL_009_20260206_085029/SKILL_009_20260206_085029_0.mcap
SKILL_009_20260206_085408,04,SKILL_009,Package Cotton set,E_MARTINEZ,2026-02-06T08:54:08Z,2026-02-06T08:56:22Z,134.10,36.61,PASS,TRUE,,/mnt/data00/04/batch_01/SKILL_009_20260206_085408/SKILL_009_20260206_085408_0.mcap
SKILL_007_20260206_141145,04,SKILL_007,Separate tongue depressors by color,D_VARGAS,2026-02-06T14:11:45Z,2026-02-06T14:20:51Z,546.12,36.87,PASS,TRUE,,/mnt/data00/04/batch_01/SKILL_007_20260206_141145/SKILL_007_20260206_141145_0.mcap
SKILL_009_20260206_100124,04,SKILL_009,Package Cotton set,D_VARGAS,2026-02-06T10:01:24Z,2026-02-06T10:01:25Z,1.41,33.89,PASS,FALSE,TOO_SHORT (1.4s),/mnt/data00/04/batch_01/SKILL_009_20260206_100124/SKILL_009_20260206_100124_0.mcap
SKILL_009_20260206_110132,04,SKILL_009,Package Cotton set,D_VARGAS,2026-02-06T11:01:32Z,2026-02-06T11:04:16Z,163.70,36.92,PASS,TRUE,,/mnt/data00/04/batch_01/SKILL_009_20260206_110132/SKILL_009_20260206_110132_0.mcap
SKILL_009_20260206_095440,04,SKILL_009,Package Cotton set,E_MARTINEZ,2026-02-06T09:54:40Z,2026-02-06T09:57:27Z,167.00,36.65,PASS,TRUE,,/mnt/data00/04/batch_01/SKILL_009_20260206_095440/SKILL_009_20260206_095440_0.mcap
SKILL_009_20260206_110456,04,SKILL_009,Package Cotton set,D_VARGAS,2026-02-06T11:04:56Z,2026-02-06T11:07:30Z,154.45,36.92,PASS,TRUE,,/mnt/data00/04/batch_01/SKILL_009_20260206_110456/SKILL_009_20260206_110456_0.mcap
SKILL_009_20260206_110819,04,SKILL_009,Package Cotton set,D_VARGAS,2026-02-06T11:08:19Z,2026-02-06T11:09:46Z,86.86,37.15,PASS,FALSE,TOO_SHORT (86.9s),/mnt/data00/04/batch_01/SKILL_009_20260206_110819/SKILL_009_20260206_110819_0.mcap
SKILL_010_20260206_095004,04,SKILL_010,Package earphones,E_MARTINEZ,2026-02-06T09:50:04Z,2026-02-06T09:52:48Z,164.64,36.88,PASS,TRUE,,/mnt/data00/04/batch_01/SKILL_010_20260206_095004/SKILL_010_20260206_095004_0.mcap
SKILL_010_20260206_132524,04,SKILL_010,Package earphones,D_VARGAS,2026-02-06T13:25:24Z,2026-02-06T13:29:12Z,227.74,37.21,PASS,TRUE,,/mnt/data00/04/batch_01/SKILL_010_20260206_132524/SKILL_010_20260206_132524_0.mcap
SKILL_010_20260206_133116,04,SKILL_010,Package earphones,D_VARGAS,2026-02-06T13:31:16Z,2026-02-06T13:35:05Z,229.15,36.83,PASS,TRUE,,/mnt/data00/04/batch_01/SKILL_010_20260206_133116/SKILL_010_20260206_133116_0.mcap
SKILL_012_20260206_081949,04,SKILL_012,Put pasta in jars,E_MARTINEZ,2026-02-06T08:19:49Z,2026-02-06T08:23:44Z,234.10,37.26,PASS,TRUE,,/mnt/data00/04/batch_01/SKILL_012_20260206_081949/SKILL_012_20260206_081949_0.mcap
SKILL_012_20260206_082520,04,SKILL_012,Put pasta in jars,E_MARTINEZ,2026-02-06T08:25:20Z,2026-02-06T08:27:35Z,134.90,37.30,PASS,TRUE,,/mnt/data00/04/batch_01/SKILL_012_20260206_082520/SKILL_012_20260206_082520_0.mcap
SKILL_012_20260206_082910,04,SKILL_012,Put pasta in jars,E_MARTINEZ,2026-02-06T08:29:10Z,2026-02-06T08:31:51Z,161.00,33.20,PASS,TRUE,,/mnt/data00/04/batch_01/SKILL_012_20260206_082910/SKILL_012_20260206_082910_0.mcap
SKILL_012_20260206_101119,04,SKILL_012,Put pasta in jars,D_VARGAS,2026-02-06T10:11:19Z,2026-02-06T10:13:56Z,156.98,37.23,PASS,TRUE,,/mnt/data00/04/batch_01/SKILL_012_20260206_101119/SKILL_012_20260206_101119_0.mcap
SKILL_012_20260206_101449,04,SKILL_012,Put pasta in jars,D_VARGAS,2026-02-06T10:14:49Z,2026-02-06T10:17:10Z,141.36,37.04,PASS,TRUE,,/mnt/data00/04/batch_01/SKILL_012_20260206_101449/SKILL_012_20260206_101449_0.mcap
SKILL_012_20260206_101754,04,SKILL_012,Put pasta in jars,D_VARGAS,2026-02-06T10:17:54Z,2026-02-06T10:20:15Z,141.08,37.05,PASS,TRUE,,/mnt/data00/04/batch_01/SKILL_012_20260206_101754/SKILL_012_20260206_101754_0.mcap
SKILL_012_20260206_135050,04,SKILL_012,Put pasta in jars,D_VARGAS,2026-02-06T13:50:50Z,2026-02-06T13:53:07Z,136.89,29.98,PASS,TRUE,,/mnt/data00/04/batch_01/SKILL_012_20260206_135050/SKILL_012_20260206_135050_0.mcap
SKILL_012_20260206_135412,04,SKILL_012,Put pasta in jars,D_VARGAS,2026-02-06T13:54:12Z,2026-02-06T13:56:00Z,108.94,36.77,PASS,TRUE,,/mnt/data00/04/batch_01/SKILL_012_20260206_135412/SKILL_012_20260206_135412_0.mcap
SKILL_012_20260206_135716,04,SKILL_012,Put pasta in jars,D_VARGAS,2026-02-06T13:57:16Z,2026-02-06T13:58:49Z,93.34,36.66,PASS,TRUE,,/mnt/data00/04/batch_01/SKILL_012_20260206_135716/SKILL_012_20260206_135716_0.mcap
SKILL_013_20260206_083245,04,SKILL_013,Set up a hand lamp,E_MARTINEZ,2026-02-06T08:32:45Z,2026-02-06T08:35:21Z,155.69,36.96,PASS,TRUE,,/mnt/data00/04/batch_01/SKILL_013_20260206_083245/SKILL_013_20260206_083245_0.mcap
SKILL_013_20260206_083748,04,SKILL_013,Set up a hand lamp,E_MARTINEZ,2026-02-06T08:37:48Z,2026-02-06T08:40:02Z,134.77,36.93,PASS,TRUE,,/mnt/data00/04/batch_01/SKILL_013_20260206_083748/SKILL_013_20260206_083748_0.mcap
SKILL_013_20260206_111254,04,SKILL_013,Set up a hand lamp,D_VARGAS,2026-02-06T11:12:54Z,2026-02-06T11:14:39Z,104.73,36.87,PASS,TRUE,,/mnt/data00/04/batch_01/SKILL_013_20260206_111254/SKILL_013_20260206_111254_0.mcap
SKILL_013_20260206_084004,04,SKILL_013,Set up a hand lamp,E_MARTINEZ,2026-02-06T08:40:04Z,2026-02-06T08:42:49Z,165.18,33.00,PASS,TRUE,,/mnt/data00/04/batch_01/SKILL_013_20260206_084004/SKILL_013_20260206_084004_0.mcap
SKILL_013_20260206_111907,04,SKILL_013,Set up a hand lamp,D_VARGAS,2026-02-06T11:19:07Z,2026-02-06T11:20:51Z,104.10,36.84,PASS,TRUE,,/mnt/data00/04/batch_01/SKILL_013_20260206_111907/SKILL_013_20260206_111907_0.mcap
SKILL_013_20260206_111516,04,SKILL_013,Set up a hand lamp,D_VARGAS,2026-02-06T11:15:16Z,2026-02-06T11:17:11Z,115.22,36.47,PASS,TRUE,,/mnt/data00/04/batch_01/SKILL_013_20260206_111516/SKILL_013_20260206_111516_0.mcap
SKILL_013_20260206_112137,04,SKILL_013,Set up a hand lamp,D_VARGAS,2026-02-06T11:21:37Z,2026-02-06T11:22:26Z,49.23,36.77,PASS,FALSE,TOO_SHORT (49.2s),/mnt/data00/04/batch_01/SKILL_013_20260206_112137/SKILL_013_20260206_112137_0.mcap
SKILL_013_20260206_142512,04,SKILL_013,Set up a hand lamp,D_VARGAS,2026-02-06T14:25:12Z,2026-02-06T14:26:44Z,91.94,36.96,PASS,TRUE,,/mnt/data00/04/batch_01/SKILL_013_20260206_142512/SKILL_013_20260206_142512_0.mcap
SKILL_013_20260206_142746,04,SKILL_013,Set up a hand lamp,D_VARGAS,2026-02-06T14:27:46Z,2026-02-06T14:31:35Z,228.50,36.80,PASS,TRUE,,/mnt/data00/04/batch_01/SKILL_013_20260206_142746/SKILL_013_20260206_142746_0.mcap
SKILL_017_20260206_092219,04,SKILL_017,Put pasta in ziploc bags,E_MARTINEZ,2026-02-06T09:22:19Z,2026-02-06T09:27:14Z,295.36,37.07,PASS,TRUE,,/mnt/data00/04/batch_01/SKILL_017_20260206_092219/SKILL_017_20260206_092219_0.mcap
SKILL_017_20260206_103634,04,SKILL_017,Put pasta in ziploc bags,D_VARGAS,2026-02-06T10:36:34Z,2026-02-06T10:42:59Z,384.54,35.31,PASS,TRUE,,/mnt/data00/04/batch_01/SKILL_017_20260206_103634/SKILL_017_20260206_103634_0.mcap
SKILL_017_20260206_104409,04,SKILL_017,Put pasta in ziploc bags,D_VARGAS,2026-02-06T10:44:09Z,2026-02-06T10:44:11Z,1.59,36.88,PASS,FALSE,TOO_SHORT (1.6s),/mnt/data00/04/batch_01/SKILL_017_20260206_104409/SKILL_017_20260206_104409_0.mcap
SKILL_017_20260206_104413,04,SKILL_017,Put pasta in ziploc bags,D_VARGAS,2026-02-06T10:44:13Z,2026-02-06T10:46:18Z,125.11,37.22,PASS,TRUE,,/mnt/data00/04/batch_01/SKILL_017_20260206_104413/SKILL_017_20260206_104413_0.mcap
SKILL_018_20260206_090733,04,SKILL_018,Close bags with twist ties,E_MARTINEZ,2026-02-06T09:07:33Z,2026-02-06T09:12:44Z,311.19,36.82,PASS,TRUE,,/mnt/data00/04/batch_01/SKILL_018_20260206_090733/SKILL_018_20260206_090733_0.mcap
SKILL_018_20260206_091409,04,SKILL_018,Close bags with twist ties,E_MARTINEZ,2026-02-06T09:14:09Z,2026-02-06T09:18:11Z,241.55,36.85,PASS,TRUE,,/mnt/data00/04/batch_01/SKILL_018_20260206_091409/SKILL_018_20260206_091409_0.mcap
SKILL_018_20260206_102323,04,SKILL_018,Close bags with twist ties,D_VARGAS,2026-02-06T10:23:24Z,2026-02-06T10:25:45Z,141.40,37.12,PASS,TRUE,,/mnt/data00/04/batch_01/SKILL_018_20260206_102323/SKILL_018_20260206_102323_0.mcap
SKILL_018_20260206_102716,04,SKILL_018,Close bags with twist ties,D_VARGAS,2026-02-06T10:27:16Z,2026-02-06T10:29:18Z,121.82,37.12,PASS,TRUE,,/mnt/data00/04/batch_01/SKILL_018_20260206_102716/SKILL_018_20260206_102716_0.mcap
SKILL_018_20260206_125014,04,SKILL_018,Close bags with twist ties,D_VARGAS,2026-02-06T12:50:14Z,2026-02-06T12:52:49Z,155.67,37.17,PASS,TRUE,,/mnt/data00/04/batch_01/SKILL_018_20260206_125014/SKILL_018_20260206_125014_0.mcap
SKILL_018_20260206_125334,04,SKILL_018,Close bags with twist ties,D_VARGAS,2026-02-06T12:53:34Z,2026-02-06T12:55:59Z,144.95,36.74,PASS,TRUE,,/mnt/data00/04/batch_01/SKILL_018_20260206_125334/SKILL_018_20260206_125334_0.mcap
SKILL_018_20260206_125722,04,SKILL_018,Close bags with twist ties,D_VARGAS,2026-02-06T12:57:22Z,2026-02-06T12:59:57Z,154.64,37.14,PASS,TRUE,,/mnt/data00/04/batch_01/SKILL_018_20260206_125722/SKILL_018_20260206_125722_0.mcap
SKILL_018_20260206_130215,04,SKILL_018,Close bags with twist ties,D_VARGAS,2026-02-06T13:02:15Z,2026-02-06T13:05:25Z,190.03,37.22,PASS,TRUE,,/mnt/data00/04/batch_01/SKILL_018_20260206_130215/SKILL_018_20260206_130215_0.mcap
SKILL_018_20260206_130928,04,SKILL_018,Close bags with twist ties,D_VARGAS,2026-02-06T13:09:28Z,2026-02-06T13:10:15Z,47.60,36.78,PASS,FALSE,TOO_SHORT (47.6s),/mnt/data00/04/batch_01/SKILL_018_20260206_130928/SKILL_018_20260206_130928_0.mcap
SKILL_018_20260206_130605,04,SKILL_018,Close bags with twist ties,D_VARGAS,2026-02-06T13:06:05Z,2026-02-06T13:08:40Z,155.11,36.83,PASS,TRUE,,/mnt/data00/04/batch_01/SKILL_018_20260206_130605/SKILL_018_20260206_130605_0.mcap
SKILL_020_20260206_084421,04,SKILL_020,Open locks with their keys,E_MARTINEZ,2026-02-06T08:44:21Z,2026-02-06T08:45:45Z,83.75,36.67,PASS,FALSE,TOO_SHORT (83.8s),/mnt/data00/04/batch_01/SKILL_020_20260206_084421/SKILL_020_20260206_084421_0.mcap
SKILL_020_20260206_084707,04,SKILL_020,Open locks with their keys,E_MARTINEZ,2026-02-06T08:47:07Z,2026-02-06T08:48:30Z,83.64,36.22,PASS,FALSE,TOO_SHORT (83.6s),/mnt/data00/04/batch_01/SKILL_020_20260206_084707/SKILL_020_20260206_084707_0.mcap
SKILL_020_20260206_100140,04,SKILL_020,Open locks with their keys,D_VARGAS,2026-02-06T10:01:40Z,2026-02-06T10:03:09Z,88.45,37.02,PASS,FALSE,TOO_SHORT (88.5s),/mnt/data00/04/batch_01/SKILL_020_20260206_100140/SKILL_020_20260206_100140_0.mcap
SKILL_020_20260206_100424,04,SKILL_020,Open locks with their keys,D_VARGAS,2026-02-06T10:04:24Z,2026-02-06T10:05:50Z,85.41,37.10,PASS,FALSE,TOO_SHORT (85.4s),/mnt/data00/04/batch_01/SKILL_020_20260206_100424/SKILL_020_20260206_100424_0.mcap
SKILL_020_20260206_100709,04,SKILL_020,Open locks with their keys,D_VARGAS,2026-02-06T10:07:09Z,2026-02-06T10:08:14Z,64.78,36.90,PASS,FALSE,TOO_SHORT (64.8s),/mnt/data00/04/batch_01/SKILL_020_20260206_100709/SKILL_020_20260206_100709_0.mcap
SKILL_020_20260206_100907,04,SKILL_020,Open locks with their keys,D_VARGAS,2026-02-06T10:09:07Z,2026-02-06T10:10:16Z,68.86,36.98,PASS,FALSE,TOO_SHORT (68.9s),/mnt/data00/04/batch_01/SKILL_020_20260206_100907/SKILL_020_20260206_100907_0.mcap
SKILL_020_20260206_134001,04,SKILL_020,Open locks with their keys,D_VARGAS,2026-02-06T13:40:01Z,2026-02-06T13:41:41Z,100.04,36.60,PASS,TRUE,,/mnt/data00/04/batch_01/SKILL_020_20260206_134001/SKILL_020_20260206_134001_0.mcap
SKILL_020_20260206_134528,04,SKILL_020,Open locks with their keys,D_VARGAS,2026-02-06T13:45:28Z,2026-02-06T13:46:46Z,77.69,37.14,PASS,FALSE,TOO_SHORT (77.7s),/mnt/data00/04/batch_01/SKILL_020_20260206_134528/SKILL_020_20260206_134528_0.mcap
SKILL_020_20260206_134304,04,SKILL_020,Open locks with their keys,D_VARGAS,2026-02-06T13:43:04Z,2026-02-06T13:44:36Z,92.25,37.01,PASS,TRUE,,/mnt/data00/04/batch_01/SKILL_020_20260206_134304/SKILL_020_20260206_134304_0.mcap
SKILL_020_20260206_134743,04,SKILL_020,Open locks with their keys,D_VARGAS,2026-02-06T13:47:43Z,2026-02-06T13:49:14Z,90.60,37.13,PASS,TRUE,,/mnt/data00/04/batch_01/SKILL_020_20260206_134743/SKILL_020_20260206_134743_0.mcap
SKILL_001_20260207_090632,04,SKILL_001,Organize beads per color,D_VARGAS,2026-02-07T09:06:33Z,2026-02-07T09:15:40Z,546.69,35.93,PASS,TRUE,,/mnt/data00/04/batch_02/SKILL_001_20260207_090632/SKILL_001_20260207_090632_0.mcap
SKILL_001_20260207_072249,04,SKILL_001,Organize beads per color,D_VARGAS,2026-02-07T07:22:49Z,2026-02-07T07:32:11Z,561.54,37.24,PASS,TRUE,,/mnt/data00/04/batch_02/SKILL_001_20260207_072249/SKILL_001_20260207_072249_0.mcap
SKILL_001_20260207_110650,04,SKILL_001,Organize beads per color,D_VARGAS,2026-02-07T11:06:50Z,2026-02-07T11:16:25Z,574.56,33.67,PASS,TRUE,,/mnt/data00/04/batch_02/SKILL_001_20260207_110650/SKILL_001_20260207_110650_0.mcap
SKILL_002_20260207_134846,04,SKILL_002,Organize beads per character,C_BECERRA,2026-02-07T13:48:46Z,2026-02-07T13:50:05Z,78.94,37.19,PASS,FALSE,TOO_SHORT (78.9s),/mnt/data00/04/batch_02/SKILL_002_20260207_134846/SKILL_002_20260207_134846_0.mcap
SKILL_001_20260207_125723,04,SKILL_001,Organize beads per color,C_BECERRA,2026-02-07T12:57:23Z,2026-02-07T13:07:22Z,598.36,37.16,PASS,TRUE,,/mnt/data00/04/batch_02/SKILL_001_20260207_125723/SKILL_001_20260207_125723_0.mcap
SKILL_002_20260207_135044,04,SKILL_002,Organize beads per character,C_BECERRA,2026-02-07T13:50:44Z,2026-02-07T13:53:01Z,136.52,37.20,PASS,TRUE,,/mnt/data00/04/batch_02/SKILL_002_20260207_135044/SKILL_002_20260207_135044_0.mcap
SKILL_002_20260207_135333,04,SKILL_002,Organize beads per character,C_BECERRA,2026-02-07T13:53:33Z,2026-02-07T13:54:37Z,64.52,37.40,PASS,FALSE,TOO_SHORT (64.5s),/mnt/data00/04/batch_02/SKILL_002_20260207_135333/SKILL_002_20260207_135333_0.mcap
SKILL_003_20260207_075201,04,SKILL_003,Organize screwdriver bits,D_VARGAS,2026-02-07T07:52:01Z,2026-02-07T07:54:27Z,145.63,36.06,PASS,TRUE,,/mnt/data00/04/batch_02/SKILL_003_20260207_075201/SKILL_003_20260207_075201_0.mcap
SKILL_003_20260207_074453,04,SKILL_003,Organize screwdriver bits,D_VARGAS,2026-02-07T07:44:53Z,2026-02-07T07:50:20Z,326.83,37.12,PASS,TRUE,,/mnt/data00/04/batch_02/SKILL_003_20260207_074453/SKILL_003_20260207_074453_0.mcap
SKILL_003_20260207_093753,04,SKILL_003,Organize screwdriver bits,D_VARGAS,2026-02-07T09:37:53Z,2026-02-07T09:39:21Z,88.26,36.74,PASS,FALSE,TOO_SHORT (88.3s),/mnt/data00/04/batch_02/SKILL_003_20260207_093753/SKILL_003_20260207_093753_0.mcap
SKILL_003_20260207_094335,04,SKILL_003,Organize screwdriver bits,D_VARGAS,2026-02-07T09:43:36Z,2026-02-07T09:45:24Z,108.45,26.31,PASS,TRUE,,/mnt/data00/04/batch_02/SKILL_003_20260207_094335/SKILL_003_20260207_094335_0.mcap
SKILL_003_20260207_093149,04,SKILL_003,Organize screwdriver bits,D_VARGAS,2026-02-07T09:31:49Z,2026-02-07T09:35:39Z,230.08,37.39,PASS,TRUE,,/mnt/data00/04/batch_02/SKILL_003_20260207_093149/SKILL_003_20260207_093149_0.mcap
SKILL_003_20260207_095316,04,SKILL_003,Organize screwdriver bits,D_VARGAS,2026-02-07T09:53:16Z,2026-02-07T09:57:58Z,282.33,32.38,PASS,TRUE,,/mnt/data00/04/batch_02/SKILL_003_20260207_095316/SKILL_003_20260207_095316_0.mcap
SKILL_003_20260207_095919,04,SKILL_003,Organize screwdriver bits,D_VARGAS,2026-02-07T09:59:19Z,2026-02-07T10:04:19Z,299.84,36.72,PASS,TRUE,,/mnt/data00/04/batch_02/SKILL_003_20260207_095919/SKILL_003_20260207_095919_0.mcap
SKILL_004_20260207_073419,04,SKILL_004,Set Screwdriver package,D_VARGAS,2026-02-07T07:34:19Z,2026-02-07T07:36:03Z,104.20,27.81,PASS,TRUE,,/mnt/data00/04/batch_02/SKILL_004_20260207_073419/SKILL_004_20260207_073419_0.mcap
SKILL_004_20260207_073646,04,SKILL_004,Set Screwdriver package,D_VARGAS,2026-02-07T07:36:46Z,2026-02-07T07:38:20Z,94.25,36.48,PASS,TRUE,,/mnt/data00/04/batch_02/SKILL_004_20260207_073646/SKILL_004_20260207_073646_0.mcap
SKILL_004_20260207_073853,04,SKILL_004,Set Screwdriver package,D_VARGAS,2026-02-07T07:38:53Z,2026-02-07T07:40:30Z,97.71,37.33,PASS,TRUE,,/mnt/data00/04/batch_02/SKILL_004_20260207_073853/SKILL_004_20260207_073853_0.mcap
SKILL_004_20260207_074122,04,SKILL_004,Set Screwdriver package,D_VARGAS,2026-02-07T07:41:22Z,2026-02-07T07:42:51Z,89.24,37.59,PASS,FALSE,TOO_SHORT (89.2s),/mnt/data00/04/batch_02/SKILL_004_20260207_074122/SKILL_004_20260207_074122_0.mcap
SKILL_004_20260207_102940,04,SKILL_004,Set Screwdriver package,D_VARGAS,2026-02-07T10:29:40Z,2026-02-07T10:31:19Z,99.28,37.58,PASS,TRUE,,/mnt/data00/04/batch_02/SKILL_004_20260207_102940/SKILL_004_20260207_102940_0.mcap
SKILL_004_20260207_103149,04,SKILL_004,Set Screwdriver package,D_VARGAS,2026-02-07T10:31:49Z,2026-02-07T10:33:22Z,92.69,37.55,PASS,TRUE,,/mnt/data00/04/batch_02/SKILL_004_20260207_103149/SKILL_004_20260207_103149_0.mcap
SKILL_004_20260207_103646,04,SKILL_004,Set Screwdriver package,D_VARGAS,2026-02-07T10:36:46Z,2026-02-07T10:38:33Z,106.29,37.39,PASS,TRUE,,/mnt/data00/04/batch_02/SKILL_004_20260207_103646/SKILL_004_20260207_103646_0.mcap
SKILL_004_20260207_103410,04,SKILL_004,Set Screwdriver package,D_VARGAS,2026-02-07T10:34:10Z,2026-02-07T10:36:12Z,122.56,37.43,PASS,TRUE,,/mnt/data00/04/batch_02/SKILL_004_20260207_103410/SKILL_004_20260207_103410_0.mcap
SKILL_004_20260207_105050,04,SKILL_004,Set Screwdriver package,D_VARGAS,2026-02-07T10:50:50Z,2026-02-07T10:51:28Z,38.62,38.03,PASS,FALSE,TOO_SHORT (38.6s),/mnt/data00/04/batch_02/SKILL_004_20260207_105050/SKILL_004_20260207_105050_0.mcap
SKILL_004_20260207_103907,04,SKILL_004,Set Screwdriver package,D_VARGAS,2026-02-07T10:39:07Z,2026-02-07T10:40:26Z,78.75,37.34,PASS,FALSE,TOO_SHORT (78.8s),/mnt/data00/04/batch_02/SKILL_004_20260207_103907/SKILL_004_20260207_103907_0.mcap
SKILL_004_20260207_122819,04,SKILL_004,Set Screwdriver package,C_BECERRA,2026-02-07T12:28:19Z,2026-02-07T12:29:55Z,95.75,37.36,PASS,TRUE,,/mnt/data00/04/batch_02/SKILL_004_20260207_122819/SKILL_004_20260207_122819_0.mcap
SKILL_004_20260207_122559,04,SKILL_004,Set Screwdriver package,C_BECERRA,2026-02-07T12:25:59Z,2026-02-07T12:27:30Z,90.72,37.29,PASS,TRUE,,/mnt/data00/04/batch_02/SKILL_004_20260207_122559/SKILL_004_20260207_122559_0.mcap
SKILL_004_20260207_123036,04,SKILL_004,Set Screwdriver package,C_BECERRA,2026-02-07T12:30:36Z,2026-02-07T12:32:11Z,94.73,34.07,PASS,TRUE,,/mnt/data00/04/batch_02/SKILL_004_20260207_123036/SKILL_004_20260207_123036_0.mcap
SKILL_004_20260207_123244,04,SKILL_004,Set Screwdriver package,C_BECERRA,2026-02-07T12:32:44Z,2026-02-07T12:34:16Z,91.83,36.85,PASS,TRUE,,/mnt/data00/04/batch_02/SKILL_004_20260207_123244/SKILL_004_20260207_123244_0.mcap
SKILL_005_20260207_075822,04,SKILL_005,Insert allen keys in package,D_VARGAS,2026-02-07T07:58:22Z,2026-02-07T08:00:38Z,135.17,37.40,PASS,TRUE,,/mnt/data00/04/batch_02/SKILL_005_20260207_075822/SKILL_005_20260207_075822_0.mcap
SKILL_005_20260207_075519,04,SKILL_005,Insert allen keys in package,D_VARGAS,2026-02-07T07:55:19Z,2026-02-07T07:57:53Z,153.85,37.49,PASS,TRUE,,/mnt/data00/04/batch_02/SKILL_005_20260207_075519/SKILL_005_20260207_075519_0.mcap
SKILL_005_20260207_100609,04,SKILL_005,Insert allen keys in package,D_VARGAS,2026-02-07T10:06:09Z,2026-02-07T10:06:13Z,3.71,37.94,PASS,FALSE,TOO_SHORT (3.7s),/mnt/data00/04/batch_02/SKILL_005_20260207_100609/SKILL_005_20260207_100609_0.mcap
SKILL_005_20260207_100731,04,SKILL_005,Insert allen keys in package,D_VARGAS,2026-02-07T10:07:31Z,2026-02-07T10:09:05Z,94.34,37.81,PASS,TRUE,,/mnt/data00/04/batch_02/SKILL_005_20260207_100731/SKILL_005_20260207_100731_0.mcap
SKILL_005_20260207_100919,04,SKILL_005,Insert allen keys in package,D_VARGAS,2026-02-07T10:09:19Z,2026-02-07T10:12:16Z,177.70,34.33,PASS,TRUE,,/mnt/data00/04/batch_02/SKILL_005_20260207_100919/SKILL_005_20260207_100919_0.mcap
SKILL_005_20260207_101403,04,SKILL_005,Insert allen keys in package,D_VARGAS,2026-02-07T10:14:03Z,2026-02-07T10:17:24Z,201.30,37.46,PASS,TRUE,,/mnt/data00/04/batch_02/SKILL_005_20260207_101403/SKILL_005_20260207_101403_0.mcap
SKILL_005_20260207_112724,04,SKILL_005,Insert allen keys in package,D_VARGAS,2026-02-07T11:27:25Z,2026-02-07T11:30:14Z,169.07,37.33,PASS,TRUE,,/mnt/data00/04/batch_02/SKILL_005_20260207_112724/SKILL_005_20260207_112724_0.mcap
SKILL_005_20260207_120716,04,SKILL_005,Insert allen keys in package,C_BECERRA,2026-02-07T12:07:16Z,2026-02-07T12:12:24Z,308.14,37.03,PASS,TRUE,,/mnt/data00/04/batch_02/SKILL_005_20260207_120716/SKILL_005_20260207_120716_0.mcap
SKILL_005_20260207_121311,04,SKILL_005,Insert allen keys in package,C_BECERRA,2026-02-07T12:13:12Z,2026-02-07T12:17:47Z,275.22,36.07,PASS,TRUE,,/mnt/data00/04/batch_02/SKILL_005_20260207_121311/SKILL_005_20260207_121311_0.mcap
SKILL_005_20260207_134044,04,SKILL_005,Insert allen keys in package,C_BECERRA,2026-02-07T13:40:44Z,2026-02-07T13:46:27Z,342.87,37.12,PASS,TRUE,,/mnt/data00/04/batch_02/SKILL_005_20260207_134044/SKILL_005_20260207_134044_0.mcap
SKILL_007_20260207_080809,04,SKILL_007,Separate tongue depressors by color,D_VARGAS,2026-02-07T08:08:09Z,2026-02-07T08:18:31Z,622.20,35.27,PASS,TRUE,,/mnt/data00/04/batch_02/SKILL_007_20260207_080809/SKILL_007_20260207_080809_0.mcap
SKILL_007_20260207_105145,04,SKILL_007,Separate tongue depressors by color,D_VARGAS,2026-02-07T10:51:45Z,2026-02-07T10:59:16Z,450.85,28.07,PASS,TRUE,,/mnt/data00/04/batch_02/SKILL_007_20260207_105145/SKILL_007_20260207_105145_0.mcap
SKILL_007_20260207_123513,04,SKILL_007,Separate tongue depressors by color,C_BECERRA,2026-02-07T12:35:13Z,2026-02-07T12:41:55Z,402.01,34.33,PASS,TRUE,,/mnt/data00/04/batch_02/SKILL_007_20260207_123513/SKILL_007_20260207_123513_0.mcap
SKILL_007_20260207_125128,04,SKILL_007,Separate tongue depressors by color,C_BECERRA,2026-02-07T12:51:28Z,2026-02-07T12:55:09Z,221.59,36.96,PASS,TRUE,,/mnt/data00/04/batch_02/SKILL_007_20260207_125128/SKILL_007_20260207_125128_0.mcap
SKILL_010_20260207_083250,04,SKILL_010,Package earphones,D_VARGAS,2026-02-07T08:32:50Z,2026-02-07T08:37:09Z,259.00,37.58,PASS,TRUE,,/mnt/data00/04/batch_02/SKILL_010_20260207_083250/SKILL_010_20260207_083250_0.mcap
SKILL_010_20260207_084106,04,SKILL_010,Package earphones,D_VARGAS,2026-02-07T08:41:06Z,2026-02-07T08:41:07Z,1.22,36.91,PASS,FALSE,TOO_SHORT (1.2s),/mnt/data00/04/batch_02/SKILL_010_20260207_084106/SKILL_010_20260207_084106_0.mcap
SKILL_010_20260207_083744,04,SKILL_010,Package earphones,D_VARGAS,2026-02-07T08:37:44Z,2026-02-07T08:40:56Z,191.62,37.34,PASS,TRUE,,/mnt/data00/04/batch_02/SKILL_010_20260207_083744/SKILL_010_20260207_083744_0.mcap
SKILL_012_20260207_084210,04,SKILL_012,Put pasta in jars,D_VARGAS,2026-02-07T08:42:10Z,2026-02-07T08:45:13Z,182.56,37.20,PASS,TRUE,,/mnt/data00/04/batch_02/SKILL_012_20260207_084210/SKILL_012_20260207_084210_0.mcap
SKILL_012_20260207_084609,04,SKILL_012,Put pasta in jars,D_VARGAS,2026-02-07T08:46:09Z,2026-02-07T08:48:52Z,163.51,37.56,PASS,TRUE,,/mnt/data00/04/batch_02/SKILL_012_20260207_084609/SKILL_012_20260207_084609_0.mcap
SKILL_012_20260207_084915,04,SKILL_012,Put pasta in jars,D_VARGAS,2026-02-07T08:49:15Z,2026-02-07T08:51:50Z,154.76,36.88,PASS,TRUE,,/mnt/data00/04/batch_02/SKILL_012_20260207_084915/SKILL_012_20260207_084915_0.mcap
SKILL_012_20260207_101926,04,SKILL_012,Put pasta in jars,D_VARGAS,2026-02-07T10:19:26Z,2026-02-07T10:21:53Z,146.48,37.66,PASS,TRUE,,/mnt/data00/04/batch_02/SKILL_012_20260207_101926/SKILL_012_20260207_101926_0.mcap
SKILL_012_20260207_102252,04,SKILL_012,Put pasta in jars,D_VARGAS,2026-02-07T10:22:52Z,2026-02-07T10:25:51Z,178.75,37.52,PASS,TRUE,,/mnt/data00/04/batch_02/SKILL_012_20260207_102252/SKILL_012_20260207_102252_0.mcap
SKILL_012_20260207_130904,04,SKILL_012,Put pasta in jars,C_BECERRA,2026-02-07T13:09:04Z,2026-02-07T13:11:41Z,157.05,36.91,PASS,TRUE,,/mnt/data00/04/batch_02/SKILL_012_20260207_130904/SKILL_012_20260207_130904_0.mcap
SKILL_012_20260207_131319,04,SKILL_012,Put pasta in jars,C_BECERRA,2026-02-07T13:13:19Z,2026-02-07T13:16:28Z,189.17,37.60,PASS,TRUE,,/mnt/data00/04/batch_02/SKILL_012_20260207_131319/SKILL_012_20260207_131319_0.mcap
SKILL_014_20260207_082938,04,SKILL_014,Fasten nuts onto bolts,D_VARGAS,2026-02-07T08:29:38Z,2026-02-07T08:29:40Z,1.69,36.98,PASS,FALSE,TOO_SHORT (1.7s),/mnt/data00/04/batch_02/SKILL_014_20260207_082938/SKILL_014_20260207_082938_0.mcap
SKILL_014_20260207_083010,04,SKILL_014,Fasten nuts onto bolts,D_VARGAS,2026-02-07T08:30:10Z,2026-02-07T08:31:20Z,69.47,36.56,PASS,FALSE,TOO_SHORT (69.5s),/mnt/data00/04/batch_02/SKILL_014_20260207_083010/SKILL_014_20260207_083010_0.mcap
SKILL_014_20260207_082122,04,SKILL_014,Fasten nuts onto bolts,D_VARGAS,2026-02-07T08:21:22Z,2026-02-07T08:28:22Z,420.63,36.73,PASS,TRUE,,/mnt/data00/04/batch_02/SKILL_014_20260207_082122/SKILL_014_20260207_082122_0.mcap
SKILL_014_20260207_104822,04,SKILL_014,Fasten nuts onto bolts,D_VARGAS,2026-02-07T10:48:22Z,2026-02-07T10:50:16Z,113.77,36.74,PASS,TRUE,,/mnt/data00/04/batch_02/SKILL_014_20260207_104822/SKILL_014_20260207_104822_0.mcap
SKILL_014_20260207_104201,04,SKILL_014,Fasten nuts onto bolts,D_VARGAS,2026-02-07T10:42:01Z,2026-02-07T10:47:18Z,316.94,35.43,PASS,TRUE,,/mnt/data00/04/batch_02/SKILL_014_20260207_104201/SKILL_014_20260207_104201_0.mcap
SKILL_014_20260207_122552,04,SKILL_014,Fasten nuts onto bolts,C_BECERRA,2026-02-07T12:25:52Z,2026-02-07T12:25:54Z,1.08,37.39,PASS,FALSE,TOO_SHORT (1.1s),/mnt/data00/04/batch_02/SKILL_014_20260207_122552/SKILL_014_20260207_122552_0.mcap
SKILL_014_20260207_121924,04,SKILL_014,Fasten nuts onto bolts,C_BECERRA,2026-02-07T12:19:24Z,2026-02-07T12:24:26Z,302.62,33.52,PASS,TRUE,,/mnt/data00/04/batch_02/SKILL_014_20260207_121924/SKILL_014_20260207_121924_0.mcap
SKILL_021_20260207_132908,04,SKILL_021,Build Up Box (Mailer),C_BECERRA,2026-02-07T13:29:08Z,2026-02-07T13:31:23Z,134.83,37.45,PASS,TRUE,,/mnt/data00/04/batch_02/SKILL_021_20260207_132908/SKILL_021_20260207_132908_0.mcap
SKILL_001_20260206_144427,05,SKILL_001,Organize beads per color,L_AGUILERA,2026-02-06T14:44:27Z,2026-02-06T14:45:12Z,44.79,16.98,PASS,FALSE,TOO_SHORT (44.8s),/mnt/data00/05/batch_01/SKILL_001_20260206_144427/SKILL_001_20260206_144427_0.mcap
SKILL_003_20260206_122735,05,SKILL_003,Organize screwdriver bits,L_AGUILERA,2026-02-06T12:27:37Z,2026-02-06T12:31:27Z,230.71,11.80,WARNING_DRIFT,TRUE,,/mnt/data00/05/batch_01/SKILL_003_20260206_122735/SKILL_003_20260206_122735_0.mcap
SKILL_005_20260206_141541,05,SKILL_005,Insert allen keys in package,L_AGUILERA,2026-02-06T14:15:41Z,2026-02-06T14:18:48Z,186.68,18.24,PASS,TRUE,,/mnt/data00/05/batch_01/SKILL_005_20260206_141541/SKILL_005_20260206_141541_0.mcap
SKILL_005_20260206_141127,05,SKILL_005,Insert allen keys in package,L_AGUILERA,2026-02-06T14:11:28Z,2026-02-06T14:15:00Z,211.92,18.65,WARNING_DRIFT,TRUE,,/mnt/data00/05/batch_01/SKILL_005_20260206_141127/SKILL_005_20260206_141127_0.mcap
SKILL_007_20260206_142440,05,SKILL_007,Separate tongue depressors by color,L_AGUILERA,2026-02-06T14:24:40Z,2026-02-06T14:28:41Z,240.75,13.56,PASS,TRUE,,/mnt/data00/05/batch_01/SKILL_007_20260206_142440/SKILL_007_20260206_142440_0.mcap
SKILL_005_20260206_141948,05,SKILL_005,Insert allen keys in package,L_AGUILERA,2026-02-06T14:19:48Z,2026-02-06T14:23:08Z,200.47,18.17,PASS,TRUE,,/mnt/data00/05/batch_01/SKILL_005_20260206_141948/SKILL_005_20260206_141948_0.mcap
SKILL_007_20260206_143028,05,SKILL_007,Separate tongue depressors by color,L_AGUILERA,2026-02-06T14:30:28Z,2026-02-06T14:31:39Z,71.32,11.48,PASS,FALSE,TOO_SHORT (71.3s),/mnt/data00/05/batch_01/SKILL_007_20260206_143028/SKILL_007_20260206_143028_0.mcap
SKILL_009_20260206_124532,05,SKILL_009,Package Cotton set,L_AGUILERA,2026-02-06T12:45:33Z,2026-02-06T12:48:33Z,180.23,11.91,PASS,TRUE,,/mnt/data00/05/batch_01/SKILL_009_20260206_124532/SKILL_009_20260206_124532_0.mcap
SKILL_009_20260206_124949,05,SKILL_009,Package Cotton set,L_AGUILERA,2026-02-06T12:49:49Z,2026-02-06T12:52:35Z,165.57,12.33,PASS,TRUE,,/mnt/data00/05/batch_01/SKILL_009_20260206_124949/SKILL_009_20260206_124949_0.mcap
SKILL_009_20260206_125742,05,SKILL_009,Package Cotton set,L_AGUILERA,2026-02-06T12:57:42Z,2026-02-06T12:57:43Z,0.42,7.81,PASS,FALSE,TOO_SHORT (0.4s),/mnt/data00/05/batch_01/SKILL_009_20260206_125742/SKILL_009_20260206_125742_0.mcap
SKILL_012_20260206_134854,05,SKILL_012,Put pasta in jars,L_AGUILERA,2026-02-06T13:48:54Z,2026-02-06T13:50:44Z,109.63,12.09,PASS,TRUE,,/mnt/data00/05/batch_01/SKILL_012_20260206_134854/SKILL_012_20260206_134854_0.mcap
SKILL_013_20260206_130415,05,SKILL_013,Set up a hand lamp,L_AGUILERA,2026-02-06T13:04:17Z,2026-02-06T13:06:27Z,130.39,12.59,WARNING_DRIFT,TRUE,,/mnt/data00/05/batch_01/SKILL_013_20260206_130415/SKILL_013_20260206_130415_0.mcap
SKILL_013_20260206_130705,05,SKILL_013,Set up a hand lamp,L_AGUILERA,2026-02-06T13:07:05Z,2026-02-06T13:10:15Z,189.54,12.83,PASS,TRUE,,/mnt/data00/05/batch_01/SKILL_013_20260206_130705/SKILL_013_20260206_130705_0.mcap
SKILL_014_20260206_144109,05,SKILL_014,Fasten nuts onto bolts,L_AGUILERA,2026-02-06T14:41:09Z,2026-02-06T14:43:07Z,118.56,18.64,PASS,TRUE,,/mnt/data00/05/batch_01/SKILL_014_20260206_144109/SKILL_014_20260206_144109_0.mcap
SKILL_014_20260206_143456,05,SKILL_014,Fasten nuts onto bolts,L_AGUILERA,2026-02-06T14:34:57Z,2026-02-06T14:39:54Z,297.02,19.16,WARNING_DRIFT,TRUE,,/mnt/data00/05/batch_01/SKILL_014_20260206_143456/SKILL_014_20260206_143456_0.mcap
SKILL_018_20260206_131457,05,SKILL_018,Close bags with twist ties,L_AGUILERA,2026-02-06T13:14:57Z,2026-02-06T13:19:12Z,254.37,8.90,PASS,TRUE,,/mnt/data00/05/batch_01/SKILL_018_20260206_131457/SKILL_018_20260206_131457_0.mcap
SKILL_018_20260206_133009,05,SKILL_018,Close bags with twist ties,L_AGUILERA,2026-02-06T13:30:09Z,2026-02-06T13:32:55Z,165.96,16.77,PASS,TRUE,,/mnt/data00/05/batch_01/SKILL_018_20260206_133009/SKILL_018_20260206_133009_0.mcap
SKILL_020_20260206_123354,05,SKILL_020,Open locks with their keys,L_AGUILERA,2026-02-06T12:33:54Z,2026-02-06T12:35:05Z,71.02,11.35,PASS,FALSE,TOO_SHORT (71.0s),/mnt/data00/05/batch_01/SKILL_020_20260206_123354/SKILL_020_20260206_123354_0.mcap
SKILL_018_20260206_132242,05,SKILL_018,Close bags with twist ties,L_AGUILERA,2026-02-06T13:22:44Z,2026-02-06T13:28:52Z,368.13,15.50,WARNING_DRIFT,TRUE,,/mnt/data00/05/batch_01/SKILL_018_20260206_132242/SKILL_018_20260206_132242_0.mcap
SKILL_020_20260206_123546,05,SKILL_020,Open locks with their keys,L_AGUILERA,2026-02-06T12:35:46Z,2026-02-06T12:36:48Z,62.49,11.63,PASS,FALSE,TOO_SHORT (62.5s),/mnt/data00/05/batch_01/SKILL_020_20260206_123546/SKILL_020_20260206_123546_0.mcap
SKILL_020_20260206_123731,05,SKILL_020,Open locks with their keys,L_AGUILERA,2026-02-06T12:37:31Z,2026-02-06T12:38:36Z,64.70,11.95,PASS,FALSE,TOO_SHORT (64.7s),/mnt/data00/05/batch_01/SKILL_020_20260206_123731/SKILL_020_20260206_123731_0.mcap
SKILL_020_20260206_123915,05,SKILL_020,Open locks with their keys,L_AGUILERA,2026-02-06T12:39:15Z,2026-02-06T12:40:20Z,64.90,11.47,PASS,FALSE,TOO_SHORT (64.9s),/mnt/data00/05/batch_01/SKILL_020_20260206_123915/SKILL_020_20260206_123915_0.mcap
SKILL_020_20260206_124123,05,SKILL_020,Open locks with their keys,L_AGUILERA,2026-02-06T12:41:23Z,2026-02-06T12:42:26Z,63.33,11.68,PASS,FALSE,TOO_SHORT (63.3s),/mnt/data00/05/batch_01/SKILL_020_20260206_124123/SKILL_020_20260206_124123_0.mcap
